Fecha,Gasto/Ingreso/Ahorro,Categoria,Subcategoria,Descripcion,Monto,,,Banco,Ubicación,Balance,Activos,,Categoria,Valor,,,,
26/1/2026,Ingreso,Ahorro Lulo,Liquidez,Salario," $  2,434,714.12 ",,,Lulo bank,Liquidez," $16,791.16",,,Gastos/TC," $  250,292.00 ",,,,
26/1/2026,Gasto,TC,WoW,Suscripcion," $  63,546.00 ",,,Lulo bank,Bolsillo," $10,210,771.40",,,Total," $  250,292.00 ",,,,
27/1/2026,Ahorro,Ahorro Lulo,Bolsillo,Apartamento," $  1,568,285.88 ",,,Davivienda,Liquidez,,,,,,,,,
27/1/2026,Ingreso,Ahorro Lulo,Liquidez,WoW Amorcito," $  200,000.00 ",,,Davivienda,Bolsillo,,,,,,,,,
27/1/2026,Gasto,TC,WoW,Midnight," $  203,998.98 ",,,Inversion,Lulo Bolsillo,,$249.62,,,,,,,
29/1/2026,Gasto,Deuda,Apartamento,Apartamento," $  959,023.00 ",,,Lulo X,USDC,,$107.98,,,,,,,
29/1/2026,Gasto,TC,Laura,Sexo," $  105,000.00 ",,,Lulo X,Bitcoin,,$0.00,,,,,,,
29/1/2026,Gasto,TC,Laura,Comida," $  60,000.00 ",,,Lulo X,Solana,,$0.77,,,,,,,
30/1/2026,Gasto,Personal,Terapia,Terapia," $  38,000.00 ",,,Total,," $10,227,562.56",,,,,,,,
31/1/2026,Gasto,Personal,Regalo,Laura," $  52,500.00 ",,,,,,,,,,,,,
31/1/2026,Gasto,TC,Laura,Comida," $  60,800.00 ",,,,,,,,,,,,,
31/1/2026,Gasto,TC,Personal,Yiyos," $  44,700.00 ",,,Totales,Monto,,,,,,,,," $2,043"
31/1/2026,Gasto,TC,Personal,Comida," $  41,700.00 ",,,Total sin ahorro,"- $233,500.84",,,,,,,,,"- $3,010,382"
1/2/2026,Gasto,TC,Personal,Laura," $  82,300.00 ",,,Total Neto," $9,977,270.56",,,,,,,,,"- $3,012,425"
1/2/2026,Gasto,TC,Personal,Comida," $  14,500.00 ",,,,,,,,,,,,,
1/2/2026,Ingreso,Ahorro Lulo,Liquidez,Clases," $  35,100.02 ",,,Gasto, Monto,,,,,,,,," $291,926"
1/2/2026,Ingreso,Ahorro Lulo,Liquidez,Madre," $  378,556.00 ",,,Apartamento," $900,000",,,,,,,,,"- $3,304,351"
2/2/2026,Gasto,Personal,Comida ,Laura," $  77,250.00 ",,,Spotify," $18,500",,,,,,,,,
2/2/2026,Gasto,Personal,Moto ,Parqueadero ," $  50,000.00 ",,,Tigo," $50,000",,,,,,,,,
2/2/2026,Gasto,Personal,Moto,Tanqueada," $  34,132.00 ",,,Internet," $100,000",,,,,,,,,
2/2/2026,Ahorro,Ahorro Lulo,Bolsillo,Rendimiento," $  8,309.37 ",,,Laura," $1,100,000",,,,,,,,,
2/2/2026,Gasto,Personal,Terapia,Terapia," $  38,000.00 ",,,TOTAL," $2,168,500",,,,,,,,,
3/2/2026,Gasto,Personal ,Comida,Trabajo," $  16,600.00 ",,,,,,,,,,,,,
3/2/2026,Gasto,Personal,Servicios,Casa," $  67,200.00 ",,,,,,,,,,,,,
3/2/2026,Gasto,Personal,Comida,personal," $  15,868.00 ",,,,,,,,,,,,,
5/2/2026,Gasto,TC,suscripción ,Spotify ," $  18,500.00 ",,,,,,,,,,,,,
5/2/2026,Gasto,Personal,comida,comida," $  14,800.00 ",,,,,,,,,,,,,
5/2/2026,Gasto,TC,Personal ,Seguro TC, $  633.25 ,,,,,,,,,,,,,
6/2/2026,Gasto,Deuda,Pago,TC," $  1,845,638.63 ",,,,,,,,,,,,,
7/2/2026,Gasto,Personal,Personal,Corte de pelo," $  33,000.00 ",,,,,,,,,,,,,
7/2/2026,Gasto,TC,Personal,Comida," $  117,600.00 ",,,,,,,,,,,,,
9/2/2026,Gasto,TC,Laura,IKEA," $  263,890.00 ",,,,,,,,,,,,,
9/2/2026,Gasto,TC,Laura,Helao," $  12,500.00 ",,,,,,,,,,,,,
9/2/2026,Gasto,TC,comida ,hamburguesa ," $  27,900.00 ",,,,,,,,,,,,,
9/2/2026,Gasto,TC,Comida,Laura," $  21,000.00 ",,,,,,,,,,,,,
10/2/2026,Ingreso,Ahorro Lulo,Liquidez,Tercer piso," $  110,000.00 ",,,,,,,,,,,,,
10/2/2026,Gasto,Personal,comida,salida," $  17,000.00 ",,,,,,,,,,,,,
10/2/2026,Gasto,TC,Personal,No idea," $  50,000.00 ",,,,,,,,,,,,,
12/2/2026,Gasto,TC,Laura,Pastas," $  22,500.00 ",,,,,,,,,,,,,
12/2/2026,Ingreso,Ahorro Lulo,Liquidez,Laura," $  67,500.00 ",,,,,,,,,,,,,
12/2/2026,Gasto,TC,Comida,Helao," $  28,100.00 ",,,,,,,,,,,,,
12/2/2026,Gasto,TC,Comida,Rappi," $  69,400.00 ",,,,,,,,,,,,,
13/2/2026,Gasto,TC,Comida,Laura," $  65,300.00 ",,,,,,,,,,,,,
13/2/2026,Gasto,TC,Comida,Helao," $  14,900.00 ",,,,,,,,,,,,,
13/2/2026,Gasto,TC,Comida,Familia," $  50,500.00 ",,,,,,,,,,,,,
14/2/2026,Gasto,TC,Comida,Laura," $  54,650.00 ",,,,,,,,,,,,,
14/2/2026,Gasto,TC,Moto ,Parqueadero ," $  22,500.00 ",,,,,,,,,,,,,
15/2/2026,Gasto,Personal,Comida,Laura," $  69,000.00 ",,,,,,,,,,,,,
15/2/2026,Gasto,Personal,Personal,Laura," $  23,500.00 ",,,,,,,,,,,,,
16/2/2026,Gasto,Personal,Comida,hamburguesa ," $  38,000.00 ",,,,,,,,,,,,,
17/2/2026,Gasto,Personal,Terapia,Terapia," $  38,000.00 ",,,,,,,,,,,,,
17/2/2026,Gasto,Personal,Comida,Oblea," $  6,500.00 ",,,,,,,,,,,,,
17/2/2026,Gasto,TC,Personal,Guayos," $  110,000.00 ",,,,,,,,,,,,,
19/2/2026,Gasto,Personal,Comida,Desayuno," $  34,000.00 ",,,,,,,,,,,,,
19/2/2026,Gasto,TC,Comida,Helao," $  35,010.00 ",,,,,,,,,,,,,
19/2/2026,Gasto,TC,Rappi,Pend devolucion, $  987.38 ,,,,,,,,,,,,,
21/2/2026,Gasto,Personal,Comida,Desayuno," $  10,500.00 ",,,,,,,,,,,,,
21/2/2026,Gasto,TC,Moto,Mantenimiento," $  155,000.00 ",,,,,,,,,,,,,
21/2/2026,Gasto,TC,Moto ,Tanqueada," $  35,528.00 ",,,,,,,,,,,,,
21/2/2026,Gasto,Personal,Moto ,Lavada," $  19,000.00 ",,,,,,,,,,,,,
23/2/2026,Gasto,TC,Comida,Hamburguesa," $  39,400.00 ",,,,,,,,,,,,,
23/2/2026,Ingreso,Ahorro Davi,Liquidez,Madre," $  40,000.00 ",,,,,,,,,,,,,
23/2/2026,Gasto,Personal,Comida,Ensalada," $  26,000.00 ",,,,,,,,,,,,,
25/2/2026,Ingreso,Ahorro Lulo,Liquidez,Davivienda," $  38,840.00 ",,,,,,,,,,,,,
25/2/2026,Gasto,TC,Ajuste,No idea," $  17,406.90 ",,,,,,,,,,,,,
25/2/2026,Gasto,TC,Comida,Pollo," $  50,500.00 ",,,,,,,,,,,,,
25/2/2026,Ingreso,Ahorro Lulo,Liquidez,Salario," $  3,542,820.00 ",,,,,,,,,,,,,
25/2/2026,Gasto,Personal,Servicios,Internet," $  99,900.00 ",,,,,,,,,,,,,
25/2/2026,Gasto,Personal,Ajuste,No idea," $  13,840.00 ",,,,,,,,,,,,,
26/2/2026,Gasto,Personal,Servicios,Tercer Piso," $  16,030.00 ",,,,,,,,,,,,,
26/2/2026,Gasto,TC,WoW,Suscripción ," $  63,004.02 ",,,,,,,,,,,,,
26/2/2026,Gasto,Personal,Terapia,Locura," $  38,000.00 ",,,,,,,,,,,,,
26/2/2026,Gasto,Personal,Laura,Lui," $  102,000.00 ",,,,,,,,,,,,,
26/2/2026,Ingreso,Ahorro Lulo,Liquidez,Laura," $  102,000.00 ",,,,,,,,,,,,,
27/2/2026,Gasto,Personal,Mensual,Tigo," $  49,900.00 ",,,,,,,,,,,,,
27/2/2026,Ingreso,Ahorro Lulo,Liquidez,Salario ," $  996,015.00 ",,,,,,,,,,,,,
27/2/2026,Gasto,Personal,Laura,Huevos," $  20,600.00 ",,,,,,,,,,,,,
27/2/2026,Gasto,Personal,Laura,Uñas," $  50,000.00 ",,,,,,,,,,,,,
27/2/2026,Gasto,Personal,Servicios,Madre," $  126,960.00 ",,,,,,,,,,,,,
27/2/2026,Ingreso,Ahorro Lulo,Liquidez,Madre," $  127,000.00 ",,,,,,,,,,,,,
28/2/2026,Gasto,Personal,Fulvo,Cancha," $  18,400.00 ",,,,,,,,,,,,,
28/2/2026,Gasto,TC,Personal ,Comida," $  65,700.00 ",,,,,,,,,,,,,
28/2/2026,Gasto,TC,Personal,Vino," $  20,950.00 ",,,,,,,,,,,,,
1/3/2026,Gasto,Personal,Corte,Corte," $  23,000.00 ",,,,,,,,,,,,,
1/3/2026,Gasto,TC,Personal,Comida," $  50,600.00 ",,,,,,,,,,,,,
1/3/2026,Gasto,TC,Moto,Parqueadero," $  8,500.00 ",,,,,,,,,,,,,
1/3/2026,Gasto,TC,Personal,Yiyos," $  69,900.00 ",,,,,,,,,,,,,
2/3/2026,Gasto,Personal,Laura,Endulzante," $  28,000.00 ",,,,,,,,,,,,,
3/3/2026,Gasto,Deuda,Apartamento,Cuota," $  653,006.00 ",,,,,,,,,,,,,
3/3/2026,Ingreso,Ahorro Lulo,Liquidez,Rendimiento, $  67.02 ,,,,,,,,,,,,,
3/3/2026,Ahorro,Ahorro Lulo,Bolsillo,Rendimiento," $  14,230.46 ",,,,,,,,,,,,,
3/3/2026,Gasto,TC,Personal,Comida," $  88,820.00 ",,,,,,,,,,,,,
5/3/2026,Gasto,TC,Personal,Comida," $  37,000.00 ",,,,,,,,,,,,,
5/3/2026,Gasto,TC,Suscripción ,Spotify ," $  18,500.00 ",,,,,,,,,,,,,
6/3/2026,Gasto,TC,Moto,Tanqueada," $  33,372.00 ",,,,,,,,,,,,,
6/3/2026,Gasto,Personal,Comida ,Cocheros," $  20,400.00 ",,,,,,,,,,,,,
6/3/2026,Gasto,Deuda,Pago,TC," $  1,673,369.60 ",,,,,,,,,,,,,
6/3/2026,Gasto,Personal,Terapia,Terapia," $  38,000.00 ",,,,,,,,,,,,,
6/3/2026,Gasto,Personal,Comida,Cocheros," $  20,500.00 ",,,,,,,,,,,,,
6/3/2026,Gasto,Personal,Retiro,Cajero," $  20,000.00 ",,,,,,,,,,,,,
6/3/2026,Gasto,Personal,Regalo,Laura," $  30,000.00 ",,,,,,,,,,,,,
7/3/2026,Gasto,Personal,Transferencia,Fulvo," $  15,800.00 ",,,,,,,,,,,,,
7/3/2026,Gasto,Personal,Madre,Recibos," $  379,450.00 ",,,,,,,,,,,,,
8/3/2026,Ingreso,Ahorro Lulo,Liquidez,Madre," $  400,000.00 ",,,,,,,,,,,,,
8/3/2026,Gasto,Personal,Transferencia,Fulvo," $  16,000.00 ",,,,,,,,,,,,,
8/3/2026,Gasto,Personal,Comida,Laura," $  17,000.00 ",,,,,,,,,,,,,
8/3/2026,Gasto,TC,Personal,Comida," $  36,435.00 ",,,,,,,,,,,,,
8/3/2026,Gasto,TC,Personal,Comida," $  44,900.00 ",,,,,,,,,,,,,
8/3/2026,Gasto,TC,Moto,Parqueadero," $  16,700.00 ",,,,,,,,,,,,,
8/3/2026,Gasto,TC,Personal,Ajuste," $  40,690.05 ",,,,,,,,,,,,,
8/3/2026,Ingreso,Personal,Ajuste,Descuadre," $  40,800.00 ",,,,,,,,,,,,,
8/3/2026,Gasto,TC,Moto,Parqueadero," $  8,400.00 ",,,,,,,,,,,,,
9/3/2026,Gasto,TC,Moto,SOAT," $  776,247.00 ",,,,,,,,,,,,,
9/3/2026,Gasto,TC,Personal,No idea," $  18,000.00 ",,,,,,,,,,,,,
11/3/2026,Gasto,Personal,Comida,Panadería ," $  12,500.00 ",,,,,,,,,,,,,
11/3/2026,Gasto,TC,Personal,Comida ," $  18,074.00 ",,,,,,,,,,,,,
12/3/2026,Gasto,Personal,Terapia,Terapia," $  38,000.00 ",,,,,,,,,,,,,
12/3/2026,Gasto,TC,Educación ,Platzi," $  197,240.72 ",,,,,,,,,,,,,
13/3/2026,Gasto,TC,Personal ,Comida," $  71,800.00 ",,,,,,,,,,,,,
13/3/2026,Gasto,TC,Moto,Tecnomecanica ," $  223,700.00 ",,,,,,,,,,,,,
15/3/2026,Gasto,Personal,Comida,Laura," $  13,000.00 ",,,,,,,,,,,,,
15/3/2026,Gasto,Personal,Fulvo,Cancha," $  12,000.00 ",,,,,,,,,,,,,
15/3/2026,Gasto,Personal,Comida,Pollo," $  50,500.00 ",,,,,,,,,,,,,
15/3/2026,Gasto,Personal,Moto,Cinta," $  10,000.00 ",,,,,,,,,,,,,
15/3/2026,Gasto,Personal,Laura,Comida," $  16,600.00 ",,,,,,,,,,,,,
15/3/2026,Gasto,Personal,Laura,Spa," $  75,000.00 ",,,,,,,,,,,,,
15/3/2026,Gasto,Personal,Comida,Corrientazo," $  15,000.00 ",,,,,,,,,,,,,
15/3/2026,Gasto,TC,Personal,Drogueria," $  12,900.00 ",,,,,,,,,,,,,
15/3/2026,Gasto,TC,Personal,Comida," $  43,050.00 ",,,,,,,,,,,,,
16/3/2026,Gasto,Personal,Tigo,Madre," $  53,900.00 ",,,,,,,,,,,,,
16/3/2026,Gasto,Personal,Tigo,Yo," $  53,900.00 ",,,,,,,,,,,,,
16/3/2026,Ingreso,Ahorro Lulo,Liquidez,Cashback, $  143.32 ,,,,,,,,,,,,,
16/3/2026,Ingreso,Ahorro Lulo,Liquidez,Ajuste," $  20,400.00 ",,,,,,,,,,,,,
16/3/2026,Gasto,TC,Ajuste,Ajuste, $  878.50 ,,,,,,,,,,,,,
18/3/2026,Gasto,Personal,Fulvo,Fulvo," $  15,000.00 ",,,,,,,,,,,,,
18/3/2026,Gasto,Personal,Fulvo,Fulvo," $  8,000.00 ",,,,,,,,,,,,,
18/3/2026,Gasto,Personal,Fulvo,Fulvo," $  6,000.00 ",,,,,,,,,,,,,
18/3/2026,Gasto,Personal,Fulvo,Fulvo," $  14,000.00 ",,,,,,,,,,,,,
18/3/2026,Gasto,Personal,Fulvo,Fulvo," $  21,000.00 ",,,,,,,,,,,,,
19/3/2026,Ahorro,Ahorro Lulo,LuloX,$50USD," $  50,000.00 ",,,,,,,,,,,,,
19/3/2026,Gasto,TC,Moto,Tanqueada," $  36,446.00 ",,,,,,,,,,,,,
19/3/2026,Gasto,TC,Ajuste,Ajuste," $  66,127.50 ",,,,,,,,,,,,,
20/3/2026,Gasto,Personal,Regalo,Laura," $  50,000.00 ",,,,,,,,,,,,,
20/3/2026,Gasto,Personal,Laura,Spa," $  74,900.00 ",,,,,,,,,,,,,
20/3/2026,Gasto,Personal,Comida,Laura," $  88,300.00 ",,,,,,,,,,,,,
20/3/2026,Gasto,Personal,Comida,Laura," $  65,500.00 ",,,,,,,,,,,,,
21/3/2026,Gasto,Personal,Internet,ETB," $  111,670.00 ",,,,,,,,,,,,,
22/3/2026,Gasto,Personal,Abuelita,Gaseosa," $  5,700.00 ",,,,,,,,,,,,,
23/3/2026,Gasto,Personal,Terapia,Terapia," $  38,000.00 ",,,,,,,,,,,,,
23/3/2026,Gasto,Personal,Ajuste,Ajuste," $  35,000.00 ",,,,,,,,,,,,,
24/3/2026,Gasto,Personal ,Favor,Santi Zuluaga," $  3,000.00 ",,,,,,,,,,,,,
26/3/2026,Gasto,TC,WoW,Suscripcion," $  62,075.65 ",,,,,,,,,,,,,
27/3/2026,Gasto,Personal,Regalo,Laura," $  18,000.00 ",,,,,,,,,,,,,
27/3/2026,Gasto,TC,Personal,Laura," $  50,800.00 ",,,,,,,,,,,,,
28/3/2026,Gasto,Personal,Comida,Laura," $  7,500.00 ",,,,,,,,,,,,,
29/3/2026,Gasto,Personal,Comida,Move in," $  72,000.00 ",,,,,,,,,,,,,
30/3/2026,Ahorro,Ahorro Lulo,Bolsillo,Apartamento," $  1,697,393.00 ",,,,,,,,,,,,,
30/3/2026,Ingreso,Ahorro Lulo,Liquidez,Liquidez," $  1,929,951.00 ",,,,,,,,,,,,,
30/3/2026,Gasto,TC,Ajuste,Ajuste," $  1,162.00 ",,,,,,,,,,,,,
31/3/2026,Gasto,Personal,Madre,Servicios," $  17,060.00 ",,,,,,,,,,,,,
31/3/2026,Gasto,Personal,Madre,Servicios," $  88,590.00 ",,,,,,,,,,,,,
31/3/2026,Ingreso,Ahorro Lulo,Liquidez,Madre," $  159,369.00 ",,,,,,,,,,,,,
31/3/2026,Ahorro,Ahorro Lulo,LuloX,USDC," $  150,000.00 ",,,,,,,,,,,,,
31/3/2026,Ahorro,Ahorro Lulo,LuloX,Bitcoin," $  400,000.00 ",,,,,,,,,,,,,
31/3/2026,Ahorro,Ahorro Lulo,LuloX,Solana," $  250,000.00 ",,,,,,,,,,,,,
31/3/2026,Gasto,TC,Suscripción ,Platzi," $  199,975.00 ",,,,,,,,,,,,,
1/4/2026,Ingreso,Ahorro Lulo,Liquidez,Tercer piso," $  126,000.00 ",,,,,,,,,,,,,
1/4/2026,Gasto,Personal,Laura,Uñas," $  50,000.00 ",,,,,,,,,,,,,
1/4/2026,Gasto,Personal,Personal,Corte," $  23,000.00 ",,,,,,,,,,,,,
1/4/2026,Gasto,Personal,Viaje,Birria," $  65,100.00 ",,,,,,,,,,,,,
1/4/2026,Gasto,TC,Personal ,Comida," $  49,900.00 ",,,,,,,,,,,,,
1/4/2026,Gasto,TC,Tarjeta,Seguro, $  688.33 ,,,,,,,,,,,,,
1/4/2026,Gasto,TC,Suscripción ,Spotify ," $  18,500.00 ",,,,,,,,,,,,,
2/4/2026,Gasto,Personal,Aceite,Viaje," $  26,500.00 ",,,,,,,,,,,,,
4/4/2026,Gasto,Personal,Comida,Trago," $  55,500.00 ",,,,,,,,,,,,,
6/4/2026,Gasto,Deuda,Pago,TC," $  2,043,861.70 ",,,,,,,,,,,,,
6/4/2026,Gasto,TC,Personal,KFC," $  88,800.00 ",,,,,,,,,,,,,
6/4/2026,Gasto,TC,Mercado,Alkosto," $  537,518.00 ",,,,,,,,,,,,,
7/4/2026,Gasto,Personal,Madre,Servicios," $  116,240.00 ",,,,,,,,,,,,,
7/4/2026,Gasto,Personal,Madre,Servicios," $  9,360.00 ",,,,,,,,,,,,,
7/4/2026,Gasto,TC,Regalo,Lui," $  18,000.00 ",,,,,,,,,,,,,
7/4/2026,Ingreso,Ahorro Lulo,Liquidez,Ajuste, $  164.58 ,,,,,,,,,,,,,
7/4/2026,Gasto,Personal,Regalo,Padre," $  100,000.00 ",,,,,,,,,,,,,
8/4/2026,Gasto,TC,Laura,Mensualidad," $  42,100.00 ",,,,,,,,,,,,,
8/4/2026,Gasto,TC,Laura,Mensualidad," $  66,250.00 ",,,,,,,,,,,,,
8/4/2026,Gasto,TC,Laura,Mensualidad," $  18,010.00 ",,,,,,,,,,,,,
10/4/2026,Gasto,Personal ,Laura,"Cable, regulador"," $  90,000.00 ",,,,,,,,,,,,,
10/4/2026,Gasto,Personal,Moto,Parqueadero," $  35,000.00 ",,,,,,,,,,,,,
10/4/2026,Gasto,Personal,Retiro,Cajero," $  25,000.00 ",,,,,,,,,,,,,
10/4/2026,Gasto,TC,Personal,Comida," $  72,800.00 ",,,,,,,,,,,,,
10/4/2026,Gasto,TC,Personal,Educación ," $  65,000.00 ",,,,,,,,,,,,,
10/4/2026,Gasto,TC,Moto,Tanqueada," $  34,012.00 ",,,,,,,,,,,,,
11/4/2026,Gasto,Personal,Fulvo,Cancha," $  15,800.00 ",,,,,,,,,,,,,
11/4/2026,Gasto,Personal,Comida,Empanada," $  13,000.00 ",,,,,,,,,,,,,
11/4/2026,Gasto,TC,Personal,Regalo," $  39,500.00 ",,,,,,,,,,,,,
11/4/2026,Gasto,TC,Personal,Comida," $  64,200.00 ",,,,,,,,,,,,,
12/4/2026,Gasto,Personal,Fulvo,Cancha," $  16,000.00 ",,,,,,,,,,,,,
12/4/2026,Gasto,TC,Personal,Helao," $  12,200.00 ",,,,,,,,,,,,,
12/4/2026,Gasto,TC,Moto,Parqueadero," $  9,500.00 ",,,,,,,,,,,,,
13/4/2026,Gasto,Personal,Terapia,Terapia," $  38,000.00 ",,,,,,,,,,,,,
13/4/2026,Gasto,Personal,Comida,Bros," $  32,000.00 ",,,,,,,,,,,,,
13/4/2026,Gasto,TC,Personal,Hamburguesa," $  36,900.00 ",,,,,,,,,,,,,
14/4/2026,Ingreso,Ahorro Lulo,Liquidez,Cashback TC, $  0.63 ,,,,,,,,,,,,,
14/4/2026,Ingreso,Ahorro Lulo,Liquidez,Madre," $  35,000.00 ",,,,,,,,,,,,,
14/4/2026,Ingreso,Ahorro Lulo,Liquidez,Cashback TC, $  62.37 ,,,,,,,,,,,,,
15/4/2026,Gasto,Personal,Fulvo,Cancha," $  15,800.00 ",,,,,,,,,,,,,
19/4/2026,Gasto,Personal,Comida,Postre," $  15,000.00 ",,,,,,,,,,,,,
19/4/2026,Gasto,TC,Personal,Comida," $  58,400.00 ",,,,,,,,,,,,,
19/4/2026,Gasto,TC,Personal,Comida," $  16,000.00 ",,,,,,,,,,,,,
19/4/2026,Gasto,Personal,Personal,Comida," $  15,000.00 ",,,,,,,,,,,,,
21/4/2026,Gasto,TC,Personal,Comida," $  4,800.00 ",,,,,,,,,,,,,
22/4/2026,Gasto,Personal,Servicios,Internet," $  111,670.00 ",,,,,,,,,,,,,
23/4/2026,Gasto,TC,Personal,Comida," $  116,340.00 ",,,,,,,,,,,,,
25/4/2026,Gasto,Personal,Favor,Madre," $  100,000.00 ",,,,,,,,,,,,,
25/4/2026,Gasto,TC,Personal,Comida," $  16,500.00 ",,,,,,,,,,,,,
25/4/2026,Gasto,TC,Moto,Parqueadero," $  12,000.00 ",,,,,,,,,,,,,
26/4/2026,Gasto,TC,Suscripción ,WoW," $  62,844.54 ",,,,,,,,,,,,,
27/4/2026,Gasto,Personal,Terapia,Terapia," $  38,000.00 ",,,,,,,,,,,,,
27/4/2026,Ingreso,Ahorro Lulo,Liquidez,Laura," $  140,000.00 ",,,,,,,,,,,,,
27/4/2026,Gasto,Personal,Favor,Internet," $  93,840.00 ",,,,,,,,,,,,,
27/4/2026,Gasto,Personal,Favor,Datos," $  45,098.60 ",,,,,,,,,,,,,
27/4/2026,Gasto,Personal,Favor,Lui," $  50,400.00 ",,,,,,,,,,,,,
27/4/2026,Gasto,Personal,Comida,Casa," $  41,708.00 ",,,,,,,,,,,,,
27/4/2026,Gasto,TC,Personal,VPN," $  43,785.93 ",,,,,,,,,,,,,
29/4/2026,Ingreso,Ahorro Lulo,Liquidez,Madre," $  400,000.00 ",,,,,,,,,,,,,
29/4/2026,Ahorro,Ahorro Lulo,Bolsillo,Apartamento," $  115,814.19 ",,,,,,,,,,,,,
29/4/2026,Ingreso,Ahorro Davi,Liquidez,Test salario," $  134,316.00 ",,,,,,,,,,,,,
29/4/2026,Gasto,TC,Personal,Comida," $  16,000.00 ",,,,,,,,,,,,,
29/4/2026,Gasto,Personal,Servicios Madre,Gas," $  17,680.00 ",,,,,,,,,,,,,
29/4/2026,Gasto,Personal,Servicios Madre,Luz," $  82,740.00 ",,,,,,,,,,,,,
29/4/2026,Ingreso,Ahorro Lulo,Liquidez,Ajuste," $  15,000.00 ",,,,,,,,,,,,,
29/4/2026,Gasto,TC,Gasto Fijo,Tigo," $  53,900.00 ",,,,,,,,,,,,,
30/4/2026,Ingreso,Ahorro Lulo,Liquidez,Burguer," $  40,000.00 ",,,,,,,,,,,,,
30/4/2026,Gasto,Personal,Tigo,Madre," $  89,900.00 ",,,,,,,,,,,,,
30/4/2026,Ingreso,Ahorro Lulo,Liquidez,Madre," $  110,000.00 ",,,,,,,,,,,,,
30/4/2026,Ingreso,Ahorro Lulo,Liquidez,Mensualidad," $  2,225,000.00 ",,,,,,,,,,,,,
30/4/2026,Ahorro,Ahorro Lulo,Bolsillo,Apartamento," $  1,829,979.00 ",,,,,,,,,,,,,
30/4/2026,Gasto,Personal,Favor ,Servicios Madre," $  15,000.00 ",,,,,,,,,,,,,
30/4/2026,Gasto,Personal,Favor ,Servicios Madre," $  100,960.00 ",,,,,,,,,,,,,
30/4/2026,Gasto,TC,Educacion,Platzi," $  199,975.00 ",,,,,,,,,,,,,
1/5/2026,Ingreso,Ahorro Lulo,Rendimiento,Rendimiento, $  55.12 ,,,,,,,,,,,,,
1/5/2026,Gasto,Liquidez,Impuestos,Retencion Fuente, $  0.54 ,,,,,,,,,,,,,
1/5/2026,Gasto,TC,Personal,Comida," $  91,800.00 ",,,,,,,,,,,,,
1/5/2026,Gasto,TC,Personal,Cita," $  88,000.00 ",,,,,,,,,,,,,
2/5/2026,Gasto,Personal,Mensualidad,Laura," $  870,000.00 ",,,,,,,,,,,,,
3/5/2026,Gasto,Personal,Apartamento,Cuota," $  577,370.00 ",,,,,,,,,,,,,
3/5/2026,Gasto,TC,Educacion,Libro," $  70,000.00 ",,,,,,,,,,,,,
4/5/2026,Gasto,Personal,Educacion,Universidad," $  52,500.00 ",,,,,,,,,,,,,
6/5/2026,Gasto,Personal,Comida,Laura," $  32,000.00 ",,,,,,,,,,,,,
6/5/2026,Gasto,Personal,Comida,Comida," $  34,700.00 ",,,,,,,,,,,,,
6/5/2026,Gasto,Deuda,Pago,TC," $  1,956,804.37 ",,,,,,,,,,,,,
6/5/2026,Gasto,Personal,Fulvo,Cancha," $  18,000.00 ",,,,,,,,,,,,,
7/5/2026,Gasto,Personal,Favor,Madre," $  95,840.00 ",,,,,,,,,,,,,
7/5/2026,Ingreso,Ahorro Lulo,Liquidez,Madre," $  10,000.00 ",,,,,,,,,,,,,
7/5/2026,Ingreso,Ahorro Lulo,Liquidez,Laura," $  32,500.00 ",,,,,,,,,,,,,
7/5/2026,Gasto,TC,Personal,Carne," $  32,400.00 ",,,,,,,,,,,,,
8/5/2026,Gasto,Personal,Terapia,Terapia," $  38,000.00 ",,,,,,,,,,,,,
8/5/2026,Ingreso,Ahorro Lulo,Liquidez,Padre," $  1,800,000.00 ",,,,,,,,,,,,,
9/5/2026,Gasto,Personal,Fulvo,Cancha," $  15,800.00 ",,,,,,,,,,,,,
9/5/2026,Gasto,Personal,Comida,Tamal," $  11,500.00 ",,,,,,,,,,,,,
11/5/2026,Ingreso,Ahorro Lulo,Liquidez,Cashback TC," $  17,833.09 ",,,,,,,,,,,,,
12/5/2026,Gasto,Personal,Educacion,Semestre Universidad," $  3,415,500.00 ",,,,,,,,,,,,,
12/5/2026,Gasto,Personal,Comida,Casa," $  26,300.00 ",,,,,,,,,,,,,
12/5/2026,Gasto,TC,Personal,Comida," $  62,900.00 ",,,,,,,,,,,,,
12/5/2026,Gasto,TC,Personal,Comida," $  32,740.00 ",,,,,,,,,,,,,
14/5/2026,Ingreso,Ahorro Lulo,Liquidez,Cashback TD, $  417.08 ,,,,,,,,,,,,,
14/5/2026,Gasto,TC,Laura,Drogueria," $  48,800.00 ",,,,,,,,,,,,,
14/5/2026,Gasto,TC,Personal,Comida," $  48,000.00 ",,,,,,,,,,,,,
14/5/2026,Gasto,TC,Personal,Comida," $  14,700.00 ",,,,,,,,,,,,,
14/5/2026,Gasto,TC,Personal,Comida," $  27,600.00 ",,,,,,,,,,,,,
14/5/2026,Gasto,TC,Personal,Gemini," $  19,900.00 ",,,,,,,,,,,,,
16/5/2026,Gasto,TC,Personal,Oblea," $  21,500.00 ",,,,,,,,,,,,,
17/5/2026,Gasto,TC,Personal,Alcohol," $  45,600.00 ",,,,,,,,,,,,,
17/5/2026,Gasto,TC,Moto,Tanqueada," $  36,976.00 ",,,,,,,,,,,,,
17/5/2026,Gasto,TC,Moto,Impuesto," $  197,700.00 ",,,,,,,,,,,,,
17/5/2026,Gasto,TC,Personal,Comida," $  44,900.00 ",,,,,,,,,,,,,
18/5/2026,Ingreso,Ahorro Lulo,Liquidez,Madre," $  55,000.00 ",,,,,,,,,,,,,
18/5/2026,Gasto,Personal,Favor,Madre," $  53,900.00 ",,,,,,,,,,,,,
20/5/2026,Ingreso,Ahorro Lulo,Liquidez,Cesantias," $  610,369.68 ",,,,,,,,,,,,,
20/5/2026,Gasto,TC,Personal,Comida," $  18,200.00 ",,,,,,,,,,,,,
21/5/2026,Gasto,Personal,Comida,McDonalds," $  82,450.00 ",,,,,,,,,,,,,
22/5/2026,Gasto,Personal,Comida,Reunion," $  54,000.00 ",,,,,,,,,,,,,
22/5/2026,Gasto,Personal,Servicios,Internet," $  111,670.00 ",,,,,,,,,,,,,
22/5/2026,Gasto,Personal,Comida,Laura," $  74,100.00 ",,,,,,,,,,,,,
22/5/2026,Gasto,Personal,Comida,Laura," $  7,100.00 ",,,,,,,,,,,,,
22/5/2026,Gasto,Personal,Comida,Laura," $  12,000.00 ",,,,,,,,,,,,,
22/5/2026,Gasto,Personal,Comida,Panadería ," $  12,500.00 ",,,,,,,,,,,,,
23/5/2026,Gasto,Personal,Comida,Restaurante," $  30,000.00 ",,,,,,,,,,,,,
23/5/2026,Gasto,TC,Personal,Shampoo," $  35,900.00 ",,,,,,,,,,,,,
23/5/2026,Gasto,TC,Personal,Comida," $  68,000.00 ",,,,,,,,,,,,,
23/5/2026,Gasto,TC,Moto,Parqueadero," $  12,000.00 ",,,,,,,,,,,,,
23/5/2026,Gasto,TC,Laura,Regalo," $  334,950.00 ",,,,,,,,,,,,,
25/5/2026,Gasto,TC,Personal,Casa," $  29,550.00 ",,,,,,,,,,,,,
25/5/2026,Gasto,TC,Personal,Casa," $  11,500.00 ",,,,,,,,,,,,,
26/5/2026,Ahorro,Ahorro Lulo,Bolsillo,Cesantias," $  6,880,000.00 ",,,,,,,,,,,,,
26/5/2026,Gasto,TC,Personal,Silla," $  699,901.00 ",,,,,,,,,,,,,
26/5/2026,Gasto,TC,Personal,Luces," $  37,850.00 ",,,,,,,,,,,,,
26/5/2026,Gasto,TC,Personal,Luces," $  37,790.00 ",,,,,,,,,,,,,
27/5/2026,Gasto,Personal,No idea,No idea," $  71,000.00 ",,,,,,,,,,,,,
28/5/2026,Inversion,Ahorro Lulo,LuloX,USDC," $  200,000.00 ",,,,,,,,,,,,,
31/5/2026,Gasto,Personal,Madre,Servicios," $  9,450.00 ",,,,,,,,,,,,,
31/5/2026,Gasto,Personal,Madre,Servicios," $  63,620.00 ",,,,,,,,,,,,,
31/5/2026,Gasto,Personal,Madre,Servicios," $  112,390.00 ",,,,,,,,,,,,,
31/5/2026,Gasto,Personal,Madre,Servicios," $  12,030.00 ",,,,,,,,,,,,,
31/5/2026,Gasto,TC,Educacion,Platzi," $  199,975.00 ",,,,,,,,,,,,,
1/6/2026,Ingreso,Ahorro Lulo,Liquidez,Interes, $  37.16 ,,,,,,,,,,,,,
1/6/2026,Ingreso,Ahorro Lulo,Liquidez,Madre," $  50,000.00 ",,,,,,,,,,,,,
1/6/2026,Gasto,TC,Madre,Favor," $  65,530.00 ",,,,,,,,,,,,,
2/6/2026,Ingreso,Ahorro Lulo,Liquidez,Salario," $  2,965,200.00 ",,,,,,,,,,,,,
2/6/2026,Ingreso,Ahorro Lulo,Liquidez,Indemnizacion," $  100,000.00 ",,,,,,,,,,,,,
2/6/2026,Gasto,Personal,No idea,No idea," $  50,000.00 ",,,,,,,,,,,,,
2/6/2026,Gasto,TC,Lui,Regalo," $  59,000.00 ",,,,,,,,,,,,,
4/6/2026,Gasto,TC,No idea,No Idea," $  35,000.00 ",,,,,,,,,,,,,
5/6/2026,Gasto,Personal,Servicios ,Tigo," $  53,900.00 ",,,,,,,,,,,,,
5/6/2026,Gasto,Personal,Laura,Cumpleaños," $  65,000.00 ",,,,,,,,,,,,,
5/6/2026,Ingreso,Personal,Laura,Favor," $  60,000.00 ",,,,,,,,,,,,,
5/6/2026,Gasto,Personal,Laura,Favor," $  40,000.00 ",,,,,,,,,,,,,
5/6/2026,Gasto,TC,Suscripción ,Spotify ," $  18,500.00 ",,,,,,,,,,,,,
5/6/2026,Gasto,TC,Regalo,Laura," $  255,000.00 ",,,,,,,,,,,,,
6/6/2026,Gasto,Deuda,Pago,TC," $  2,553,136.81 ",,,,,,,,,,,,,
6/6/2026,Gasto,TC,Personal,Gemini," $  39,500.00 ",,,,,,,,,,,,,
7/6/2026,Gasto,TC,Personal,Salud," $  51,804.00 ",,,,,,,,,,,,,
7/6/2026,Gasto,TC,Personal,Salud," $  23,175.00 ",,,,,,,,,,,,,
7/6/2026,Gasto,TC,Personal,Comida," $  72,050.00 ",,,,,,,,,,,,,
9/6/2026,Gasto,TC,Personal,Comida," $  22,900.00 ",,,,,,,,,,,,,
9/6/2026,Gasto,TC,Personal,Comida," $  85,000.00 ",,,,,,,,,,,,,
11/6/2026,Gasto,TC,Moto,Mantenimiento," $  148,000.00 ",,,,,,,,,,,,,
12/6/2026,Gasto,TC,Moto,Tanqueada," $  22,453.00 ",,,,,,,,,,,,,
13/6/2026,Gasto,TC,Personal,Vacaciones," $  58,910.00 ",,,,,,,,,,,,,
6/6/2026,Gasto,Personal,Fulvo,Cancha," $  18,000.00 ",,,,,,,,,,,,,
6/6/2026,Gasto,Personal,Deuda,Apartamento," $  653,006.00 ",,,,,,,,,,,,,
7/6/2026,Ingreso,Ahorro Lulo,Liquidez,Madre," $  100,000.00 ",,,,,,,,,,,,,
9/6/2026,Gasto,Personal,Favor,Madre," $  8,590.00 ",,,,,,,,,,,,,
9/6/2026,Gasto,Personal,Favor,Madre," $  38,070.00 ",,,,,,,,,,,,,
9/6/2026,Gasto,Personal,Favor,Laura," $  70,000.00 ",,,,,,,,,,,,,
9/6/2026,Ingreso,Personal,Favor,Madre," $  70,000.00 ",,,,,,,,,,,,,
9/6/2026,Gasto,Personal,Terapia,Terapia," $  38,000.00 ",,,,,,,,,,,,,
9/6/2026,Ingreso,Ahorro Lulo,Liquidez,Cashback," $  18,393.91 ",,,,,,,,,,,,,
11/6/2026,Gasto,Personal,Comida,Laura," $  15,000.00 ",,,,,,,,,,,,,
11/6/2026,Gasto,Personal,Moto,Casco," $  580,000.00 ",,,,,,,,,,,,,
11/6/2026,Ingreso,Personal,Moto,Laura," $  50,000.00 ",,,,,,,,,,,,,
11/6/2026,Gasto,Personal,Moto,Mantenimiento," $  120,000.00 ",,,,,,,,,,,,,
11/6/2026,Gasto,Personal,Moto,Mantenimiento," $  61,000.00 ",,,,,,,,,,,,,
11/6/2026,Gasto,Personal,Comida,Laura," $  9,900.00 ",,,,,,,,,,,,,
15/6/2026,Gasto,Personal,Corte de pelo,Corte," $  31,000.00 ",,,,,,,,,,,,,
15/6/2026,Gasto,Personal,Vacaciones,Comida," $  87,600.00 ",,,,,,,,,,,,,
15/6/2026,Gasto,Personal,Vacaciones,Comida," $  15,000.00 ",,,,,,,,,,,,,
15/6/2026,Gasto,Personal,Comida,Panadería ," $  24,000.00 ",,,,,,,,,,,,,
16/6/2026,Gasto,Personal,Mensualidad,Laura," $  1,500,000.00 ",,,,,,,,,,,,,
17/6/2026,Gasto,Personal,Moto,Parqueadero," $  20,000.00 ",,,,,,,,,,,,,
18/6/2026,Gasto,Personal,Comida,Comida," $  3,400.00 ",,,,,,,,,,,,,
18/6/2026,Gasto,Personal,Comida,Perrote," $  48,500.00 ",,,,,,,,,,,,,